subject_id,status,Fo_mean,Fo_max,Fo_min,Jitter_local,Jitter_rap,Jitter_ppq5,Shimmer_local,Shimmer_apq3,Shimmer_apq5,NHR,HNR,MFCC_1,MFCC_2,MFCC_3,MFCC_4,MFCC_5,MFCC_6,MFCC_7,MFCC_8,MFCC_9,MFCC_10,MFCC_11,MFCC_12,MFCC_13,speech_rate
ID00_hc_0_0_0,0,183.5295212657835,599.8087311051944,74.9975898390494,0.02703892606864985,0.012019464809632577,0.013196559495227715,0.11343944118018498,0.04616141146267734,0.06737102810865606,0.046859183054797665,13.292052871834889,-317.1100158691406,100.50426483154297,43.38767623901367,42.23665237426758,18.472366333007812,3.727466344833374,-18.331579208374023,-1.843705415725708,-3.550783157348633,-1.7282871007919312,-0.8665511608123779,0.7900491952896118,-1.141417145729065,2.782370762629408
ID01_hc_0_0_0,0,191.41102295318402,575.6491265417947,75.72940971404122,0.016118362889391245,0.006763636173603753,0.007167552570513677,0.07905254236359327,0.029395862030269424,0.038307513272288936,0.07509321455481353,11.243993042014012,-333.9826354980469,64.45722961425781,26.030244827270508,28.459524154663086,10.38348388671875,14.893549919128418,-0.12429796904325485,3.8063440322875977,-3.948089599609375,0.4602009654045105,-4.676525115966797,-3.5583291053771973,-1.1865618228912354,3.2494845334053513
ID03_hc_0_0_0,0,129.4604891300872,588.3251607001173,75.01961054269898,0.026740064696892215,0.010862377831435562,0.011511974658529215,0.10256486926971708,0.03904245879662852,0.05813148492079492,0.04545709681269798,13.423983046094428,-388.90264892578125,108.70264434814453,27.894371032714844,27.520397186279297,18.20708465576172,16.796968460083008,-11.055546760559082,3.7814011573791504,-4.116192817687988,-6.45226526260376,-9.113253593444824,0.5561355352401733,-0.31380361318588257,2.734031485552764
ID05_hc_0_0_0,0,187.5305297094577,593.4286291963597,75.75536857030826,0.020700917924830396,0.00897929121489763,0.008982598956014502,0.08038799168075889,0.02575868839458584,0.037847304756630465,0.05976941194397758,12.235210170581025,-310.58221435546875,101.64141082763672,26.122783660888672,21.563919067382812,12.727862358093262,10.312939643859863,-5.026612758636475,-0.6211093068122864,-8.796231269836426,-5.804751873016357,1.4851820468902588,-4.087858200073242,-1.8323782682418823,2.814978172060237
ID08_hc_0_0_0,0,196.28269778518927,591.3359381218905,76.7640140692202,0.015062727051669144,0.0053705059427931546,0.006017032133239912,0.08201570037603148,0.029086895424582142,0.04395102153521483,0.034125854478442824,14.669164655005897,-393.2854919433594,89.11011505126953,24.34603500366211,27.622142791748047,16.43122673034668,8.097426414489746,-15.226970672607422,0.12658637762069702,-3.837533950805664,2.387559413909912,0.7849417924880981,-1.6542543172836304,-1.3056130409240723,2.9994778681437992
ID09_hc_0_0_0,0,168.1340631724989,565.4963169237872,75.27260838381314,0.02179022277515428,0.009272796269971434,0.009861732508453389,0.07827382566914806,0.024992462179804782,0.03941406207252688,0.04988135042465145,13.02061797494308,-337.0338439941406,79.45086669921875,29.307353973388672,21.926177978515625,12.426728248596191,16.398263931274414,-3.1124558448791504,0.2992313504219055,-6.100898265838623,4.680079460144043,0.5917472243309021,-12.965682029724121,-2.2203361988067627,2.7117073980067063
ID10_hc_0_0_0,0,204.27771507130134,599.1628387062016,75.76948539019004,0.02716443286262544,0.012623553256357434,0.013000959074992949,0.10284410707482054,0.03993155893934,0.053413564735910204,0.05842527004792058,12.333992715750044,-337.0880432128906,90.5608139038086,21.684823989868164,20.56920051574707,9.04035758972168,5.989838123321533,-1.45924973487854,3.721635580062866,-1.999760389328003,4.86247444152832,-1.9389885663986206,-4.943432807922363,-1.6219308376312256,2.8180851492056678
ID11_hc_0_0_0,0,198.47690008362912,597.6885360040898,75.36710406199371,0.017655525401152946,0.007170719827651462,0.007674238989055971,0.0781809058854398,0.029970280012787787,0.03930601195366287,0.02701918898226914,15.683276910583027,-430.4380187988281,89.51831817626953,32.105438232421875,21.705242156982422,11.50961971282959,13.661968231201172,0.33299607038497925,9.384506225585938,-2.6847167015075684,-4.510530948638916,-3.1516635417938232,-4.065380096435547,0.886152982711792,2.650974290885355
ID12_hc_0_0_0,0,201.49945900304903,599.7310651848078,75.2378170904371,0.024916843128555206,0.01139633323038181,0.011914854598932097,0.09661875531979959,0.03389495357451185,0.0493708592754464,0.06630866292602616,11.784297292845416,-354.45867919921875,96.66776275634766,15.58209228515625,21.6942195892334,11.827280044555664,7.964989185333252,-3.6165690422058105,7.411868572235107,-7.996721267700195,-0.9198886752128601,0.96284019947052,-7.0821123123168945,-0.6060953736305237,2.68534448774554
ID14_hc_0_0_0,0,157.2927548895741,536.6475107875046,74.97339176045749,0.03411347162257537,0.01749906927293671,0.01658546741663847,0.11962449126873735,0.05372765452840887,0.05897551875898657,0.04582572927895444,13.388906148697178,-390.8193054199219,83.16751098632812,39.608543395996094,28.779781341552734,7.950602054595947,21.68678855895996,-3.1408815383911133,2.7215235233306885,1.617569923400879,-1.9265917539596558,1.3645435571670532,-1.1819849014282227,-2.84826922416687,2.7220567621435485
ID15_hc_0_0_0,0,165.4440789907848,598.6369467889609,75.70492719576873,0.018827749979218586,0.007439200492853748,0.009031600498226143,0.10580466526270002,0.038722368365590586,0.060542046995438116,0.0700162407851767,11.548012104815985,-345.16241455078125,93.96012878417969,24.72262954711914,11.005196571350098,4.187035083770752,9.429774284362793,1.8855313062667847,-5.488546371459961,-13.231987953186035,-3.432156562805176,-1.9466279745101929,-0.948829710483551,0.13398857414722443,2.9999624289565725
ID19_hc_0_0_0,0,155.50974516173497,599.701264329903,74.98381389215919,0.029418726169751382,0.013190597061575516,0.012155704116360522,0.08983413713921387,0.03311520173419766,0.04643379900353804,0.07294954175746649,11.369774318422053,-329.9722900390625,83.88202667236328,29.020479202270508,37.589603424072266,8.439169883728027,8.946578979492188,-6.4779486656188965,-2.634599447250366,0.6187531352043152,-3.785094738006592,-5.087924480438232,-2.371206760406494,1.2507857084274292,2.7731612676788684
ID21_hc_0_0_0,0,160.77659857206112,598.572279062468,75.36888040844954,0.018726181151917397,0.007585907248834615,0.008081518668504298,0.08055979846806934,0.029101841023084135,0.040420175061333025,0.050180698343717245,12.994632990853281,-382.1035461425781,80.34058380126953,24.14052391052246,33.88453674316406,9.157852172851562,16.23291778564453,-3.5223286151885986,4.499593257904053,0.8687910437583923,-0.5840443968772888,-6.455955505371094,0.8305453658103943,4.61037015914917,2.778477822580645
ID22_hc_0_0_0,0,175.88720146563483,595.5707590724902,75.05058425172359,0.022659420726198306,0.009853872040680443,0.010655654466542309,0.09075098428932585,0.03166705023940839,0.04612105399452722,0.03807479050816529,14.193624775230587,-389.96942138671875,78.51094055175781,27.804658889770508,27.001941680908203,10.170232772827148,15.751816749572754,1.9857374429702759,1.6158640384674072,-2.691284418106079,-2.2577624320983887,-1.5977718830108643,-5.496349334716797,-0.5380041003227234,2.5739575569633732
ID23_hc_0_0_0,0,180.95586708843226,594.0208965776767,75.11208209377556,0.013898781186944004,0.005278526806381001,0.005673748790781575,0.07268454620133975,0.02709368979888597,0.03879546621236507,0.023850740159688206,16.224981389601133,-402.25506591796875,92.0660629272461,22.974090576171875,30.813365936279297,5.060775279998779,7.3857269287109375,-5.689377784729004,-3.759366273880005,-1.2120243310928345,-2.0668885707855225,-5.51798152923584,3.4028878211975098,6.545804023742676,2.522343668774909
ID25_hc_0_0_0,0,199.72633258779243,599.0750341618325,130.64258309742738,0.016123963779158645,0.005896298869692059,0.006770650675950344,0.0850101271465435,0.029995209259078313,0.04404635426172876,0.025405553236165078,15.950713433713746,-443.8387451171875,61.77950668334961,23.442535400390625,22.59463119506836,18.52911949157715,12.55254077911377,-4.263064384460449,2.5831215381622314,-1.8196889162063599,2.042548418045044,-2.8407950401306152,-1.278749942779541,2.800858974456787,2.223868625286504
ID26_hc_0_0_0,0,183.5126179315509,522.4761764223218,74.94031243498232,0.024479651074003402,0.010880450904052643,0.01047955021201951,0.07969511697687644,0.030681199045562657,0.03964533222693322,0.049185064127308366,13.081667580430127,-400.5887451171875,85.29369354248047,24.335025787353516,23.410736083984375,6.458201885223389,18.09710121154785,-5.118312835693359,-0.9441690444946289,1.5275824069976807,-0.48298466205596924,0.9203454256057739,0.6841601729393005,-3.340186595916748,2.75087986132335
ID28_hc_0_0_0,0,197.82739543270765,597.8628321526517,75.27767459799698,0.02149930249113791,0.009723550054886813,0.009703486473974482,0.0869634530939299,0.032313219845957766,0.04456680985345082,0.049240010536785644,13.076818628067779,-317.567138671875,89.9927749633789,32.0191535949707,24.859521865844727,14.206653594970703,24.180866241455078,-0.9958959221839905,-0.9915781021118164,-9.868070602416992,-4.165423393249512,-2.313430070877075,-3.043012857437134,-5.0103840827941895,2.7404318113169555
ID31_hc_0_1_1,0,214.50615651887907,596.6637143257016,76.31564036069918,0.01698834697755119,0.008453003080854785,0.008099091205946523,0.06086760474451606,0.023691123010362677,0.02893411635031151,0.029016401442090407,15.3735644891926,-355.0491027832031,85.21824645996094,12.180770874023438,25.49660873413086,16.020368576049805,13.345744132995605,-9.326839447021484,0.8791911602020264,1.0880894660949707,-0.43235206604003906,-4.316837787628174,-7.134649753570557,-1.6818814277648926,2.3324470006998115
ID35_hc_0_0_0,0,184.91894593693033,584.0305017264631,75.13204894604021,0.019677781555588327,0.009225612791765477,0.009400858877450116,0.09279391943826701,0.04054914878195418,0.05124315044797559,0.030955523545871534,15.092618464351093,-446.1620178222656,91.88846588134766,45.21150207519531,34.82670974731445,16.02046012878418,8.895203590393066,-4.195952892303467,9.209016799926758,-9.596565246582031,-2.3791444301605225,1.7195087671279907,0.028336456045508385,-2.6215364933013916,2.252336051983325
ID36_hc_0_0_0,0,139.155343703192,597.6594405860143,78.44785153008289,0.028159816410181168,0.011122624979062667,0.013622444101058789,0.1209575530912759,0.04635504122985981,0.0662051780821884,0.0779291488005202,11.08300067418664,-352.9713134765625,88.41897583007812,39.99828338623047,27.626537322998047,15.96706771850586,11.290689468383789,-3.1322314739227295,3.7186059951782227,-9.728456497192383,-0.031154774129390717,-1.649376630783081,-2.103084087371826,1.4953943490982056,2.4436197916666664
ID02_pd_2_0_0,1,124.40437726542463,571.189716910582,77.00964029515383,0.021337271565300322,0.008033807378242353,0.009555817635150154,0.10553984323628651,0.04098313208326479,0.061719403629984314,0.058094323003445865,12.35866304937337,-342.9260559082031,82.63058471679688,31.92511749267578,40.75410842895508,13.051348686218262,9.423471450805664,5.152736186981201,2.7624003887176514,-2.8030529022216797,-0.8121935129165649,-5.233855724334717,-4.678420543670654,-1.8897384405136108,2.701582679889299
ID04_pd_2_0_1,1,117.59489623582235,569.818676047549,74.96578514689456,0.038871203997799746,0.016799478529834433,0.01792962074882117,0.12722611706857267,0.04854490784964647,0.07156173014341506,0.09559963113682203,10.195437834095884,-322.43060302734375,108.67864990234375,28.421222686767578,23.794002532958984,17.20189666748047,18.205785751342773,-1.6071332693099976,3.0482330322265625,-3.7592148780822754,4.065253734588623,-0.6039746403694153,-3.596369743347168,2.1823196411132812,2.6671064660904253
ID06_pd_3_1_1,1,123.08050535306351,592.962517149366,75.80829213200563,0.027901659675226818,0.012136047219749632,0.01288047697638556,0.09613489502854039,0.035745968128880715,0.051310887586801704,0.05267466266161425,12.783982370139977,-329.8518371582031,99.9587631225586,29.340726852416992,36.12379837036133,18.490869522094727,14.005928039550781,4.121613502502441,7.965357780456543,-15.072392463684082,-11.143508911132812,4.770534515380859,-5.185238838195801,-12.702895164489746,2.3656670971749936
ID07_pd_2_0_0,1,139.92579550218494,507.2918464497288,74.95366538231994,0.025015084085739648,0.010713426538813284,0.013499523790697143,0.12146313693276872,0.04684333194190386,0.07639809538510836,0.05844816786667174,12.332290978103591,-344.73095703125,99.1732177734375,38.34551239013672,39.30421447753906,15.628114700317383,2.4901692867279053,0.24034646153450012,17.34729766845703,4.478720188140869,-6.836282730102539,-7.848821640014648,4.701683044433594,-3.5319066047668457,2.437331384892086
ID13_pd_3_2_2,1,189.3825815551904,599.7171180196698,75.7377236095123,0.031017909511625124,0.015508770822525431,0.014327483208886316,0.17942776458788048,0.07088584478246152,0.10364196550487367,0.07145540793846651,11.45964897048566,-402.6646423339844,57.242130279541016,36.008575439453125,30.00382423400879,21.74413299560547,21.393692016601562,18.6522274017334,12.318021774291992,4.964787483215332,7.772537708282471,8.453027725219727,5.55253267288208,5.275501728057861,3.2681490516896394
ID16_pd_2_0_0,1,210.23430205238657,456.13675023548274,79.22585698417949,0.017850567226350898,0.0071773168161890335,0.008795526518980657,0.0828257289301746,0.02611702168225645,0.04152620376350039,0.025236721504226064,15.979670648440846,-372.02349853515625,68.56473541259766,24.76666259765625,25.80632209777832,11.948673248291016,16.267513275146484,-2.564642906188965,2.8034119606018066,-0.9579757452011108,-7.793326377868652,-0.9810711145401001,-3.801417112350464,-5.495814800262451,2.497657569679054
ID17_pd_2_1_0,1,188.09821029224238,597.0872968511899,75.1150482522223,0.0214853566667228,0.009976083931291103,0.011644244256614426,0.09587775344953596,0.03753439459659695,0.055410347034521475,0.040736494629965384,13.900163447114254,-328.1789245605469,88.79215240478516,40.66496276855469,32.2314453125,15.901161193847656,6.989282608032227,-5.027506351470947,3.6559104919433594,-2.0953218936920166,0.09791820496320724,-5.0312957763671875,-2.079416513442993,0.9518449902534485,2.3004762854130623
ID18_pd_4_3_3,1,140.3551854721578,583.8509725716756,75.10903145268948,0.030689347710099856,0.014994867352583385,0.014763933253533494,0.1113994830247375,0.05273068586230251,0.06504276017630793,0.02528816351364,15.970827090048425,-363.1103515625,86.54232788085938,46.55252456665039,33.09077072143555,18.84297752380371,23.097225189208984,0.566044270992279,4.2251763343811035,0.2856003940105438,2.583872079849243,0.12933999300003052,0.6428491473197937,4.137114524841309,1.6545286016949152
ID20_pd_3_0_1,1,131.26828220801553,579.3286161339909,78.22848041533659,0.024799045588627014,0.008343952975221579,0.010311278443683982,0.10486708248864826,0.03632240792401246,0.05599072336732363,0.039435038448571665,14.041177314071366,-374.72296142578125,83.42549133300781,26.432079315185547,16.55776596069336,18.88101577758789,18.875295639038086,-0.8044776916503906,7.06268310546875,5.087246894836426,-3.155999183654785,-3.9345991611480713,-0.3908502161502838,3.4947731494903564,2.1484210415437768
ID24_pd_2_0_0,1,127.91725988916856,587.6813478661536,75.35873977965322,0.024052057695095472,0.009932394832990145,0.010440384907169689,0.10134614065687673,0.03838038240979838,0.05378035624962765,0.034804488782733616,14.583647408851887,-370.34051513671875,94.68757629394531,28.425758361816406,32.332393646240234,17.367664337158203,19.03786849975586,2.2841014862060547,-5.783667087554932,-1.8435920476913452,4.561460018157959,-5.835807800292969,0.86473548412323,2.0907580852508545,2.8445161996497372
ID27_pd_4_1_1,1,101.4415195199238,597.9477821145225,74.99086065327113,0.029024813806589004,0.009110124630548673,0.013477653231024924,0.07595183037297555,0.024353945815192905,0.03886147035032484,0.045457737689730805,13.423921817503855,-359.95733642578125,105.4458999633789,43.70647048950195,25.543668746948242,19.975563049316406,19.412168502807617,-1.4228515625,5.953794002532959,-10.615089416503906,0.1314362734556198,-0.340680330991745,-7.92268180847168,2.456422805786133,1.9611406359803232
ID29_pd_3_1_2,1,134.13116569549823,598.6581152825718,76.86954350818185,0.03181551165760701,0.014555710325293859,0.015935705332688253,0.09648805427077632,0.03862427135769493,0.04943644877506333,0.03668076224649557,14.355616480290815,-386.01617431640625,88.56671905517578,45.952789306640625,26.761629104614258,11.922005653381348,12.291172981262207,0.1673285812139511,14.407021522521973,0.31091779470443726,-1.1397322416305542,-2.302950143814087,5.8578033447265625,1.0872118473052979,1.6489758223809163
ID30_pd_2_1_1,1,214.07018057884548,586.7017416957141,75.14683541867784,0.02014741293956092,0.008710116945663987,0.009108430562859168,0.07115091042166483,0.023604552161339436,0.034078404661107904,0.03747168499417178,14.262967774902028,-363.2203369140625,72.5007553100586,33.15060806274414,25.513168334960938,0.538129985332489,19.081087112426758,-4.731159687042236,-2.3615190982818604,-4.396355152130127,-8.295561790466309,-3.32377552986145,1.8243316411972046,-2.8485829830169678,2.9152644230769234
ID32_pd_3_1_1,1,167.00677816420918,588.1134425941434,77.09490223355571,0.025416935056515134,0.013307530668261945,0.012757998918036273,0.10701910428733105,0.04959475825591299,0.057681534952951405,0.07676226196401331,11.148522363334465,-442.9837646484375,102.50173950195312,16.54255485534668,13.576146125793457,24.268993377685547,20.726299285888672,-2.041661024093628,-1.12064790725708,-0.6271676421165466,2.8314414024353027,-0.16951040923595428,-1.693958044052124,-1.1223920583724976,2.467906671664168
ID33_pd_3_2_2,1,185.07445079783554,459.36492081634526,76.89500958680453,0.02085636078589257,0.009839169416074186,0.010538769415800715,0.09891515644016914,0.03997875709604954,0.05294812348241445,0.020630624543749258,16.854876245814555,-387.54473876953125,74.59657287597656,43.699302673339844,30.295866012573242,13.197104454040527,5.468575954437256,-1.9452763795852661,-0.48778295516967773,-5.401791095733643,1.4383658170700073,-4.128593921661377,-7.535463809967041,-4.833188056945801,1.4654631342494715
ID34_pd_2_0_0,1,186.91325098833673,592.8601874698292,75.97443993320961,0.021291584353500904,0.010418670391173482,0.00989202701691888,0.08915051829890605,0.033184149618167874,0.042282103717226564,0.039063301607715664,14.082310531778193,-353.4599304199219,105.71623229980469,26.133214950561523,14.48409366607666,12.134758949279785,20.404069900512695,-8.534858703613281,-10.25278091430664,-8.345417976379395,9.588356971740723,0.6698285341262817,-8.15746021270752,-4.719631195068359,3.1944970393830903
